timestamp,equity,datetime
1769567937.1869934,10000.0,2026-01-28 02:38:57.186993361
1769567952.2736998,10000.0,2026-01-28 02:39:12.273699760
1769567954.347672,10000.0,2026-01-28 02:39:14.347671986
1769567956.421316,10000.0,2026-01-28 02:39:16.421315908
1769567958.5386426,10000.0,2026-01-28 02:39:18.538642645
1769567960.6106236,10000.0,2026-01-28 02:39:20.610623598
1769567962.6827674,10000.0,2026-01-28 02:39:22.682767391
1769567964.7666106,10000.0,2026-01-28 02:39:24.766610622
1769567966.8429055,10000.0,2026-01-28 02:39:26.842905521
1769567968.919104,10000.0,2026-01-28 02:39:28.919104099
1769567970.993112,10000.0,2026-01-28 02:39:30.993112087
1769567973.0644448,10000.0,2026-01-28 02:39:33.064444779
1769567975.1409938,10000.0,2026-01-28 02:39:35.140993834
1769567977.2113092,10000.0,2026-01-28 02:39:37.211309195
1769567977.2118697,9997.4,2026-01-28 02:39:37.211869717
1769567979.2883112,9997.4,2026-01-28 02:39:39.288311243
1769567981.3604178,9997.4,2026-01-28 02:39:41.360417843
1769567983.4346685,9997.4,2026-01-28 02:39:43.434668541
1769567985.5094945,9997.4,2026-01-28 02:39:45.509494542
1769567987.5874019,9997.4,2026-01-28 02:39:47.587401867
1769567989.6602786,9997.4,2026-01-28 02:39:49.660278559
1769567991.7322216,9997.4,2026-01-28 02:39:51.732221603
1769567993.8070524,9997.4,2026-01-28 02:39:53.807052374
1769567995.881072,9997.4,2026-01-28 02:39:55.881072044
1769567997.9557657,9997.4,2026-01-28 02:39:57.955765724
1769568000.0271888,9997.4,2026-01-28 02:40:00.027188778
1769568002.100935,9997.4,2026-01-28 02:40:02.100934982
1769568004.1744642,9997.4,2026-01-28 02:40:04.174464226
1769568006.2550871,9997.4,2026-01-28 02:40:06.255087137
1769568008.3293176,9937.6,2026-01-28 02:40:08.329317570
1769568010.403228,9937.6,2026-01-28 02:40:10.403228045
1769568012.5149386,9937.6,2026-01-28 02:40:12.514938593
1769568012.515418,9940.2,2026-01-28 02:40:12.515418053
1769568014.5852468,10000.0,2026-01-28 02:40:14.585246801
1769568016.6678517,9719.650000000001,2026-01-28 02:40:16.667851686
1769568016.6684704,9706.300000000001,2026-01-28 02:40:16.668470383
1769568018.7469003,9986.650000000001,2026-01-28 02:40:18.746900320
1769568020.8189542,9953.300000000003,2026-01-28 02:40:20.818954229
1769568022.8926907,9953.300000000003,2026-01-28 02:40:22.892690659
1769568022.8931324,9954.025000000003,2026-01-28 02:40:22.893132448
1769568024.9667528,9987.375000000002,2026-01-28 02:40:24.966752768
1769568027.0406284,9987.375000000002,2026-01-28 02:40:27.040628433
1769568029.1126478,9987.375000000002,2026-01-28 02:40:29.112647772
1769568031.1880426,9987.375000000002,2026-01-28 02:40:31.188042641
1769568033.2601495,9987.375000000002,2026-01-28 02:40:33.260149479
1769568035.3371544,9987.375000000002,2026-01-28 02:40:35.337154388
1769568037.4088,9987.375000000002,2026-01-28 02:40:37.408799887
1769568039.48272,9937.975,2026-01-28 02:40:39.482719898
1769568039.483277,9936.675000000001,2026-01-28 02:40:39.483277082
1769568041.5584998,9986.075,2026-01-28 02:40:41.558499813
1769568043.6350994,9953.075,2026-01-28 02:40:43.635099411
1769568043.6356146,9952.25,2026-01-28 02:40:43.635614634
1769568045.713671,9985.25,2026-01-28 02:40:45.713670969
1769568047.787179,9985.25,2026-01-28 02:40:47.787178993
1769568049.859481,9985.25,2026-01-28 02:40:49.859481096
1769568051.9288378,9985.25,2026-01-28 02:40:51.928837776
1769568054.0116894,9985.25,2026-01-28 02:40:54.011689425
1769568056.0857258,9985.25,2026-01-28 02:40:56.085725784
1769568058.2629669,9985.25,2026-01-28 02:40:58.262966871
1769568060.338783,9985.25,2026-01-28 02:41:00.338783026
1769568062.4093223,9985.25,2026-01-28 02:41:02.409322262
1769568064.4844205,9985.25,2026-01-28 02:41:04.484420538
1769568066.5722058,9985.25,2026-01-28 02:41:06.572205782
1769568068.6440713,9985.25,2026-01-28 02:41:08.644071341
1769568070.7186613,9985.25,2026-01-28 02:41:10.718661308
1769568072.7930875,9985.25,2026-01-28 02:41:12.793087482
1769568074.8674939,9985.25,2026-01-28 02:41:14.867493868
1769568076.9431748,9938.16,2026-01-28 02:41:16.943174839
1769568079.018975,9938.16,2026-01-28 02:41:19.018975019
1769568081.090419,9938.16,2026-01-28 02:41:21.090419054
1769568083.164283,9938.16,2026-01-28 02:41:23.164283037
1769568083.1649795,9936.775,2026-01-28 02:41:23.164979458
1769568085.243101,9983.865,2026-01-28 02:41:25.243100882
1769568087.313701,9867.074999999999,2026-01-28 02:41:27.313700914
1769568089.3927665,9867.074999999999,2026-01-28 02:41:29.392766476
1769568091.4674146,9867.074999999999,2026-01-28 02:41:31.467414618
1769568093.6517727,9867.074999999999,2026-01-28 02:41:33.651772738
1769568095.7246504,9867.074999999999,2026-01-28 02:41:35.724650383
1769568097.7997563,9867.074999999999,2026-01-28 02:41:37.799756289
1769568099.87319,9867.074999999999,2026-01-28 02:41:39.873189926
1769568101.9456415,9867.074999999999,2026-01-28 02:41:41.945641518
1769568104.0155208,9867.074999999999,2026-01-28 02:41:44.015520811
1769568106.1153133,9867.074999999999,2026-01-28 02:41:46.115313292
1769568108.1945617,9867.074999999999,2026-01-28 02:41:48.194561720
1769568110.2697651,9867.074999999999,2026-01-28 02:41:50.269765139
1769568112.342869,9867.074999999999,2026-01-28 02:41:52.342869043
1769568114.4151666,9867.074999999999,2026-01-28 02:41:54.415166616
1769568116.488782,9867.074999999999,2026-01-28 02:41:56.488781929
1769568118.5635395,9867.074999999999,2026-01-28 02:41:58.563539505
1769568120.7347312,9867.074999999999,2026-01-28 02:42:00.734731197
1769568122.808196,9867.074999999999,2026-01-28 02:42:02.808196068
1769568124.878958,9867.074999999999,2026-01-28 02:42:04.878957987
1769568126.9567935,9867.074999999999,2026-01-28 02:42:06.956793547
1769568129.0369127,9867.074999999999,2026-01-28 02:42:09.036912680
1769568131.1079824,9867.074999999999,2026-01-28 02:42:11.107982397
1769568133.181309,9867.074999999999,2026-01-28 02:42:13.181308985
1769568135.2572198,9867.074999999999,2026-01-28 02:42:15.257219790
1769568137.332096,9867.074999999999,2026-01-28 02:42:17.332096100
1769568139.405217,9867.074999999999,2026-01-28 02:42:19.405216932
1769568141.4929745,9867.074999999999,2026-01-28 02:42:21.492974520
1769568143.5654137,9867.074999999999,2026-01-28 02:42:23.565413713
1769568145.6445334,9867.074999999999,2026-01-28 02:42:25.644533396
1769568147.719592,9867.074999999999,2026-01-28 02:42:27.719592094
1769568149.795418,9867.074999999999,2026-01-28 02:42:29.795418024
1769568151.8741894,9867.074999999999,2026-01-28 02:42:31.874189377
1769568153.945999,9867.074999999999,2026-01-28 02:42:33.945998907
1769568156.017725,9867.074999999999,2026-01-28 02:42:36.017724991
1769568158.092352,9867.074999999999,2026-01-28 02:42:38.092351913
1769568160.1639283,9867.074999999999,2026-01-28 02:42:40.163928270
1769568162.2392094,9867.074999999999,2026-01-28 02:42:42.239209414
1769568164.3117082,9867.074999999999,2026-01-28 02:42:44.311708212
1769568166.3853137,9867.074999999999,2026-01-28 02:42:46.385313749
1769568168.4587388,9867.074999999999,2026-01-28 02:42:48.458738804
1769568170.5329862,9867.074999999999,2026-01-28 02:42:50.532986164
1769568172.605699,9867.074999999999,2026-01-28 02:42:52.605699062
1769568174.6766975,9867.074999999999,2026-01-28 02:42:54.676697493
1769568176.7526834,9867.074999999999,2026-01-28 02:42:56.752683401
1769568178.8253772,9867.074999999999,2026-01-28 02:42:58.825377226
1769568180.9004805,9867.074999999999,2026-01-28 02:43:00.900480509
1769568182.9762623,9867.074999999999,2026-01-28 02:43:02.976262331
1769568185.0507667,9867.074999999999,2026-01-28 02:43:05.050766706
1769568187.1211295,9867.074999999999,2026-01-28 02:43:07.121129513
1769568189.1929283,9867.074999999999,2026-01-28 02:43:09.192928314
1769568191.2675657,9867.074999999999,2026-01-28 02:43:11.267565726
1769568193.3404107,9867.074999999999,2026-01-28 02:43:13.340410709
1769568195.4219637,9867.074999999999,2026-01-28 02:43:15.421963692
1769568197.4949057,9867.074999999999,2026-01-28 02:43:17.494905710
1769568199.5669317,9867.074999999999,2026-01-28 02:43:19.566931725
1769568201.739999,9867.074999999999,2026-01-28 02:43:21.739999056
1769568203.8122926,9867.074999999999,2026-01-28 02:43:23.812292576
1769568205.896315,9867.074999999999,2026-01-28 02:43:25.896315098
1769568207.972335,9867.074999999999,2026-01-28 02:43:27.972335100
1769568210.046707,9867.074999999999,2026-01-28 02:43:30.046706915
1769568212.1171134,9867.074999999999,2026-01-28 02:43:32.117113352
1769568214.2003734,9867.074999999999,2026-01-28 02:43:34.200373411
1769568216.2731886,9867.074999999999,2026-01-28 02:43:36.273188591
1769568218.343422,9867.074999999999,2026-01-28 02:43:38.343421936
1769568220.4167125,9867.074999999999,2026-01-28 02:43:40.416712523
1769568222.492617,9867.074999999999,2026-01-28 02:43:42.492616892
1769568224.5679796,9867.074999999999,2026-01-28 02:43:44.567979574
1769568226.6384785,9867.074999999999,2026-01-28 02:43:46.638478518
1769568228.7196872,9867.074999999999,2026-01-28 02:43:48.719687223
1769568230.7917116,9867.074999999999,2026-01-28 02:43:50.791711569
1769568232.8682783,9867.074999999999,2026-01-28 02:43:52.868278265
1769568232.86881,9873.945,2026-01-28 02:43:52.868809938
1769568234.944101,9990.734999999999,2026-01-28 02:43:54.944101095
1769568237.0186758,9953.834999999997,2026-01-28 02:43:57.018675804
1769568239.0913358,9953.834999999997,2026-01-28 02:43:59.091335773
1769568241.1691754,9953.834999999997,2026-01-28 02:44:01.169175386
1769568243.2521453,9953.834999999997,2026-01-28 02:44:03.252145290
1769568245.3234682,9953.834999999997,2026-01-28 02:44:05.323468208
1769568247.4019463,9953.834999999997,2026-01-28 02:44:07.401946306
1769568249.4783611,9953.834999999997,2026-01-28 02:44:09.478361130
1769568251.5519657,9953.834999999997,2026-01-28 02:44:11.551965714
1769568253.6250057,9953.834999999997,2026-01-28 02:44:13.625005722
1769568255.7056777,9953.834999999997,2026-01-28 02:44:15.705677748
1769568257.7769222,9953.834999999997,2026-01-28 02:44:17.776922226
1769568259.851619,9953.834999999997,2026-01-28 02:44:19.851619005
1769568261.9337382,9953.834999999997,2026-01-28 02:44:21.933738232
1769568264.0076416,9953.834999999997,2026-01-28 02:44:24.007641554
1769568266.081027,9953.834999999997,2026-01-28 02:44:26.081027031
1769568268.155805,9953.834999999997,2026-01-28 02:44:28.155805111
1769568270.2281775,9953.834999999997,2026-01-28 02:44:30.228177547
1769568272.3035586,9953.834999999997,2026-01-28 02:44:32.303558588
1769568274.3774412,9953.834999999997,2026-01-28 02:44:34.377441168
1769568276.4506893,9953.834999999997,2026-01-28 02:44:36.450689316
1769568278.5195353,9953.834999999997,2026-01-28 02:44:38.519535302
1769568278.520118,9948.914999999997,2026-01-28 02:44:38.520117998
1769568280.5964205,9985.814999999999,2026-01-28 02:44:40.596420527
1769568282.6710913,9985.814999999999,2026-01-28 02:44:42.671091318
1769568282.672004,9990.345,2026-01-28 02:44:42.672003984
1769568284.7500699,9990.345,2026-01-28 02:44:44.750069857
1769568286.8231943,9990.345,2026-01-28 02:44:46.823194265
1769568286.8238873,9998.279999999999,2026-01-28 02:44:46.823887348
1769568288.900119,9998.279999999999,2026-01-28 02:44:48.900119066
1769568290.9731274,9998.279999999999,2026-01-28 02:44:50.973127365
1769568293.0471108,9998.279999999999,2026-01-28 02:44:53.047110796
1769568295.1249363,9998.279999999999,2026-01-28 02:44:55.124936342
1769568297.1974769,9998.279999999999,2026-01-28 02:44:57.197476864
1769568299.2705324,9998.279999999999,2026-01-28 02:44:59.270532370
1769568301.3401654,9998.279999999999,2026-01-28 02:45:01.340165377
1769568303.4279087,9998.279999999999,2026-01-28 02:45:03.427908659
1769568305.505324,9998.279999999999,2026-01-28 02:45:05.505323887
1769568307.5896602,9998.279999999999,2026-01-28 02:45:07.589660168
1769568309.6676624,9998.279999999999,2026-01-28 02:45:09.667662382
1769568311.7518995,9998.279999999999,2026-01-28 02:45:11.751899481
1769568311.7523096,10006.185,2026-01-28 02:45:11.752309561
1769568313.8285906,10006.185,2026-01-28 02:45:13.828590631
1769568315.9048731,10006.185,2026-01-28 02:45:15.904873133
1769568317.9920328,10006.185,2026-01-28 02:45:17.992032766
1769568320.070304,10006.185,2026-01-28 02:45:20.070303917
1769568322.1717036,10006.185,2026-01-28 02:45:22.171703577
1769568324.2465062,9954.164999999999,2026-01-28 02:45:24.246506214
1769568326.3266685,9954.164999999999,2026-01-28 02:45:26.326668501
1769568326.3276863,9955.609999999999,2026-01-28 02:45:26.327686310
1769568328.4067533,10007.63,2026-01-28 02:45:28.406753302
1769568330.4802344,9759.049999999997,2026-01-28 02:45:30.480234385
1769568332.5583754,9759.049999999997,2026-01-28 02:45:32.558375359
1769568332.5592,9765.954999999998,2026-01-28 02:45:32.559200048
1769568334.6330209,10014.534999999998,2026-01-28 02:45:34.633020878
1769568336.711208,9916.954999999996,2026-01-28 02:45:36.711208105
1769568338.7871795,9916.954999999996,2026-01-28 02:45:38.787179470
1769568338.7878587,9911.214999999997,2026-01-28 02:45:38.787858725
1769568340.8854282,10008.794999999996,2026-01-28 02:45:40.885428190
1769568342.9607506,10008.794999999996,2026-01-28 02:45:42.960750580
1769568345.0421622,10008.794999999996,2026-01-28 02:45:45.042162180
1769568347.1195822,10008.794999999996,2026-01-28 02:45:47.119582176
1769568349.19638,10008.794999999996,2026-01-28 02:45:49.196379900
1769568351.2718894,10008.794999999996,2026-01-28 02:45:51.271889448
1769568351.272639,10009.239999999996,2026-01-28 02:45:51.272639036
1769568353.3469963,10009.239999999996,2026-01-28 02:45:53.346996307
1769568355.427819,10009.239999999996,2026-01-28 02:45:55.427819014
1769568355.4283423,10010.509999999997,2026-01-28 02:45:55.428342342
1769568357.500944,10010.509999999997,2026-01-28 02:45:57.500943899
1769568359.5834036,10010.509999999997,2026-01-28 02:45:59.583403587
1769568361.6616597,10010.509999999997,2026-01-28 02:46:01.661659718
1769568361.662128,10012.549999999997,2026-01-28 02:46:01.662127972
1769568363.734563,10012.549999999996,2026-01-28 02:46:03.734563112
1769568365.8070848,10012.549999999996,2026-01-28 02:46:05.807084799
1769568367.881789,10012.549999999996,2026-01-28 02:46:07.881788969
1769568369.959354,10012.549999999996,2026-01-28 02:46:09.959353924
1769568372.0311117,10012.549999999996,2026-01-28 02:46:12.031111717
1769568374.122219,10012.549999999996,2026-01-28 02:46:14.122219086
1769568376.194857,10012.549999999996,2026-01-28 02:46:16.194856882
1769568376.1956127,10014.674999999996,2026-01-28 02:46:16.195612669
1769568378.2669394,10014.674999999996,2026-01-28 02:46:18.266939402
1769568380.4380717,10014.674999999996,2026-01-28 02:46:20.438071728
1769568380.4385939,10015.214999999997,2026-01-28 02:46:20.438593864
1769568382.514464,10015.214999999995,2026-01-28 02:46:22.514463902
1769568384.5913033,10015.214999999995,2026-01-28 02:46:24.591303349
1769568386.6706176,10015.214999999995,2026-01-28 02:46:26.670617580
1769568386.6710603,10011.574999999995,2026-01-28 02:46:26.671060324
1769568388.7453456,10011.574999999995,2026-01-28 02:46:28.745345592
1769568390.832485,10011.574999999995,2026-01-28 02:46:30.832484961
1769568390.8335466,10011.084999999995,2026-01-28 02:46:30.833546638
1769568392.907746,10011.084999999995,2026-01-28 02:46:32.907746077
1769568394.981351,10011.084999999995,2026-01-28 02:46:34.981350899
1769568397.0556881,10011.084999999995,2026-01-28 02:46:37.055688143
1769568399.1326642,10011.084999999995,2026-01-28 02:46:39.132664204
1769568401.210694,10011.084999999995,2026-01-28 02:46:41.210694075
1769568403.2819147,10011.084999999995,2026-01-28 02:46:43.281914711
1769568405.3558016,10011.084999999995,2026-01-28 02:46:45.355801582
1769568407.4276106,10011.084999999995,2026-01-28 02:46:47.427610636
1769568409.501148,10011.084999999995,2026-01-28 02:46:49.501147985
1769568411.5736914,10011.084999999995,2026-01-28 02:46:51.573691368
1769568413.6512282,10011.084999999995,2026-01-28 02:46:53.651228189
1769568415.7242956,10011.084999999995,2026-01-28 02:46:55.724295616
1769568417.7975285,10011.084999999995,2026-01-28 02:46:57.797528505
1769568419.8753157,10011.084999999995,2026-01-28 02:46:59.875315666
1769568419.8764787,10011.829999999996,2026-01-28 02:46:59.876478672
1769568421.948738,10011.829999999996,2026-01-28 02:47:01.948738098
1769568424.0209634,10011.829999999996,2026-01-28 02:47:04.020963430
1769568426.095798,10011.829999999996,2026-01-28 02:47:06.095798016
1769568428.1718102,10011.829999999996,2026-01-28 02:47:08.171810150
1769568430.2466648,10011.829999999996,2026-01-28 02:47:10.246664762
1769568430.247352,10015.299999999996,2026-01-28 02:47:10.247351885
1769568432.32176,10015.299999999996,2026-01-28 02:47:12.321759939
1769568434.4005954,10015.299999999996,2026-01-28 02:47:14.400595427
1769568436.4751432,10015.299999999996,2026-01-28 02:47:16.475143194
1769568438.5486507,10015.299999999996,2026-01-28 02:47:18.548650742
1769568440.6258519,10015.299999999996,2026-01-28 02:47:20.625851870
1769568442.701166,10015.299999999996,2026-01-28 02:47:22.701165915
1769568444.773258,10015.299999999996,2026-01-28 02:47:24.773257971
1769568446.851159,10015.299999999996,2026-01-28 02:47:26.851159096
1769568448.9305687,10015.299999999996,2026-01-28 02:47:28.930568695
1769568451.0108259,10015.299999999996,2026-01-28 02:47:31.010825872
1769568453.086904,10015.299999999996,2026-01-28 02:47:33.086904049
1769568455.1645744,10015.299999999996,2026-01-28 02:47:35.164574385
1769568457.2391052,10015.299999999996,2026-01-28 02:47:37.239105225
1769568459.3120878,10015.299999999996,2026-01-28 02:47:39.312087774
1769568459.31287,10049.024999999996,2026-01-28 02:47:39.312870026
1769568461.3872635,10049.024999999996,2026-01-28 02:47:41.387263536
1769568463.4611146,10049.024999999996,2026-01-28 02:47:43.461114645
1769568465.5341015,10049.024999999996,2026-01-28 02:47:45.534101485
1769568467.6143,10049.024999999996,2026-01-28 02:47:47.614300013
1769568469.6898434,10049.024999999996,2026-01-28 02:47:49.689843416
1769568471.7643542,10049.024999999996,2026-01-28 02:47:51.764354229
1769568471.764999,10036.864999999996,2026-01-28 02:47:51.764998913
1769568473.8382843,10036.864999999996,2026-01-28 02:47:53.838284254
1769568475.912459,10036.864999999996,2026-01-28 02:47:55.912458897
1769568477.9845157,10036.864999999996,2026-01-28 02:47:57.984515667
1769568480.0599897,10036.864999999996,2026-01-28 02:48:00.059989691
1769568482.13976,10012.014999999998,2026-01-28 02:48:02.139760017
1769568484.2134416,10012.014999999998,2026-01-28 02:48:04.213441610
1769568486.2953558,10012.014999999998,2026-01-28 02:48:06.295355797
1769568488.368937,10012.014999999998,2026-01-28 02:48:08.368937016
1769568488.3699813,10011.304999999998,2026-01-28 02:48:08.369981289
1769568490.4445474,10036.154999999997,2026-01-28 02:48:10.444547415
1769568492.5198636,10036.154999999997,2026-01-28 02:48:12.519863604
1769568494.5935483,10036.154999999997,2026-01-28 02:48:14.593548298
1769568496.6665485,10036.154999999997,2026-01-28 02:48:16.666548491
1769568498.7453048,10036.154999999997,2026-01-28 02:48:18.745304823
1769568500.8234525,10036.154999999997,2026-01-28 02:48:20.823452473
1769568502.898714,10036.154999999997,2026-01-28 02:48:22.898714066
1769568504.9706564,10036.154999999997,2026-01-28 02:48:24.970656395
1769568504.971201,10036.499999999996,2026-01-28 02:48:24.971200943
1769568507.0441248,10036.499999999998,2026-01-28 02:48:27.044124842
1769568509.1231394,10036.499999999998,2026-01-28 02:48:29.123139381
1769568511.1958432,10036.499999999998,2026-01-28 02:48:31.195843220
1769568513.2704868,10036.499999999998,2026-01-28 02:48:33.270486832
1769568515.345483,10036.499999999998,2026-01-28 02:48:35.345483065
1769568517.4218426,10036.499999999998,2026-01-28 02:48:37.421842575
1769568519.5001578,10036.499999999998,2026-01-28 02:48:39.500157833
1769568521.573173,10036.499999999998,2026-01-28 02:48:41.573173046
1769568523.6501362,10036.499999999998,2026-01-28 02:48:43.650136232
1769568525.7240002,10036.499999999998,2026-01-28 02:48:45.724000216
1769568527.7962894,10036.499999999998,2026-01-28 02:48:47.796289444
1769568529.8704019,10036.499999999998,2026-01-28 02:48:49.870401859
1769568531.945385,10036.499999999998,2026-01-28 02:48:51.945384979
1769568531.9460468,10035.069999999998,2026-01-28 02:48:51.946046829
1769568534.0203679,10035.069999999998,2026-01-28 02:48:54.020367861
1769568536.0929177,10035.069999999998,2026-01-28 02:48:56.092917681
1769568538.16174,10035.069999999998,2026-01-28 02:48:58.161740065
1769568540.232424,10035.069999999998,2026-01-28 02:49:00.232424021
1769568542.3122725,10035.069999999998,2026-01-28 02:49:02.312272549
1769568544.3874657,10035.069999999998,2026-01-28 02:49:04.387465715
1769568546.4562848,10035.069999999998,2026-01-28 02:49:06.456284761
1769568548.5310762,10035.069999999998,2026-01-28 02:49:08.531076193
1769568550.6787245,10035.069999999998,2026-01-28 02:49:10.678724527
1769568552.7523088,10035.069999999998,2026-01-28 02:49:12.752308846
1769568554.8265142,10035.069999999998,2026-01-28 02:49:14.826514244
1769568556.901222,10035.069999999998,2026-01-28 02:49:16.901221991
1769568558.9799206,10035.069999999998,2026-01-28 02:49:18.979920626
1769568561.0511646,10035.069999999998,2026-01-28 02:49:21.051164627
1769568563.1291215,10035.069999999998,2026-01-28 02:49:23.129121542
1769568565.210204,10035.069999999998,2026-01-28 02:49:25.210203886
1769568567.2803628,10035.069999999998,2026-01-28 02:49:27.280362844
1769568569.3508205,10035.069999999998,2026-01-28 02:49:29.350820541
1769568571.422042,10035.069999999998,2026-01-28 02:49:31.422041893
1769568573.4932754,10035.069999999998,2026-01-28 02:49:33.493275404
1769568575.5654907,10035.069999999998,2026-01-28 02:49:35.565490723
1769568577.637965,10035.069999999998,2026-01-28 02:49:37.637964964
1769568579.7081184,10035.069999999998,2026-01-28 02:49:39.708118439
1769568581.7803106,10035.069999999998,2026-01-28 02:49:41.780310631
1769568583.8707986,10035.069999999998,2026-01-28 02:49:43.870798588
1769568585.9425838,10035.069999999998,2026-01-28 02:49:45.942583799
1769568588.0138886,10035.069999999998,2026-01-28 02:49:48.013888597
1769568590.081957,10035.069999999998,2026-01-28 02:49:50.081957102
1769568592.152417,10035.069999999998,2026-01-28 02:49:52.152416945
1769568594.242874,10035.069999999998,2026-01-28 02:49:54.242873907
1769568596.3128471,10035.069999999998,2026-01-28 02:49:56.312847137
1769568598.3848648,10035.069999999998,2026-01-28 02:49:58.384864807
1769568600.4553292,10035.069999999998,2026-01-28 02:50:00.455329180
1769568602.5268476,10035.069999999998,2026-01-28 02:50:02.526847601
1769568604.598955,10035.069999999998,2026-01-28 02:50:04.598954916
1769568606.6728735,10035.069999999998,2026-01-28 02:50:06.672873497
1769568608.747675,10035.069999999998,2026-01-28 02:50:08.747674942
1769568610.8279164,10035.069999999998,2026-01-28 02:50:10.827916384
1769568612.9053082,10035.069999999998,2026-01-28 02:50:12.905308247
1769568615.0792146,10035.069999999998,2026-01-28 02:50:15.079214573
1769568617.1518164,10035.069999999998,2026-01-28 02:50:17.151816368
1769568619.2342906,10035.069999999998,2026-01-28 02:50:19.234290600
1769568621.3055403,10035.069999999998,2026-01-28 02:50:21.305540323
1769568623.3789756,10035.069999999998,2026-01-28 02:50:23.378975630
1769568625.4537451,10018.049999999997,2026-01-28 02:50:25.453745127
1769568627.524845,10018.049999999997,2026-01-28 02:50:27.524844885
1769568629.6004252,10018.049999999997,2026-01-28 02:50:29.600425243
1769568631.673413,10018.049999999997,2026-01-28 02:50:31.673413038
1769568633.7433836,10018.049999999997,2026-01-28 02:50:33.743383646
1769568635.8143644,10018.049999999997,2026-01-28 02:50:35.814364433
1769568635.8149035,10017.589999999998,2026-01-28 02:50:35.814903498
1769568637.8843842,10034.609999999997,2026-01-28 02:50:37.884384155
1769568639.9570818,10034.609999999997,2026-01-28 02:50:39.957081795
1769568642.0338693,10034.609999999997,2026-01-28 02:50:42.033869267
1769568644.2066638,10034.609999999997,2026-01-28 02:50:44.206663847
1769568646.2772577,10034.609999999997,2026-01-28 02:50:46.277257681
1769568648.3482902,10034.609999999997,2026-01-28 02:50:48.348290205
1769568650.4220035,10034.609999999997,2026-01-28 02:50:50.422003508
1769568652.4918299,10034.609999999997,2026-01-28 02:50:52.491829872
1769568654.5648289,10034.609999999997,2026-01-28 02:50:54.564828873
1769568656.6369538,10034.609999999997,2026-01-28 02:50:56.636953831
1769568658.7087831,10034.609999999997,2026-01-28 02:50:58.708783150
1769568660.779249,10034.609999999997,2026-01-28 02:51:00.779248953
1769568662.8530018,10034.609999999997,2026-01-28 02:51:02.853001833
1769568662.8535807,10035.389999999998,2026-01-28 02:51:02.853580713
1769568664.9304008,10035.389999999998,2026-01-28 02:51:04.930400848
1769568667.0006318,10035.389999999998,2026-01-28 02:51:07.000631809
1769568669.0824213,10035.389999999998,2026-01-28 02:51:09.082421303
1769568669.0829797,10036.294999999998,2026-01-28 02:51:09.082979679
1769568671.1584253,10036.294999999998,2026-01-28 02:51:11.158425331
1769568673.2270808,10036.294999999998,2026-01-28 02:51:13.227080822
1769568675.310962,10036.294999999998,2026-01-28 02:51:15.310961962
1769568677.3936982,10036.294999999998,2026-01-28 02:51:17.393698215
1769568679.4639678,10036.294999999998,2026-01-28 02:51:19.463967800
1769568681.5342739,10036.294999999998,2026-01-28 02:51:21.534273863
1769568683.6077514,10036.294999999998,2026-01-28 02:51:23.607751369
1769568685.6864586,10036.294999999998,2026-01-28 02:51:25.686458588
1769568687.7620425,10036.294999999998,2026-01-28 02:51:27.762042522
1769568689.83743,10036.294999999998,2026-01-28 02:51:29.837430000
1769568691.918747,10036.294999999998,2026-01-28 02:51:31.918746948
1769568693.9903488,10036.294999999998,2026-01-28 02:51:33.990348816
1769568696.0614047,10036.294999999998,2026-01-28 02:51:36.061404705
1769568698.1352172,10036.294999999998,2026-01-28 02:51:38.135217190
1769568700.2087016,10036.294999999998,2026-01-28 02:51:40.208701611
1769568702.2875018,10036.294999999998,2026-01-28 02:51:42.287501812
1769568704.3655915,10036.294999999998,2026-01-28 02:51:44.365591526
1769568706.436322,10036.294999999998,2026-01-28 02:51:46.436321974
1769568708.5084608,10036.294999999998,2026-01-28 02:51:48.508460759
1769568710.5836737,10036.294999999998,2026-01-28 02:51:50.583673716
1769568712.6530547,10036.294999999998,2026-01-28 02:51:52.653054714
1769568714.723267,10036.294999999998,2026-01-28 02:51:54.723267078
1769568716.7957594,10036.294999999998,2026-01-28 02:51:56.795759439
1769568718.86983,10036.294999999998,2026-01-28 02:51:58.869829893
1769568720.9433837,10036.294999999998,2026-01-28 02:52:00.943383694
1769568723.0167818,10036.294999999998,2026-01-28 02:52:03.016781807
1769568725.0870626,10036.294999999998,2026-01-28 02:52:05.087062597
1769568725.087746,10035.734999999999,2026-01-28 02:52:05.087745905
1769568727.1579905,10035.734999999999,2026-01-28 02:52:07.157990456
1769568729.227206,10035.734999999999,2026-01-28 02:52:09.227205992
1769568731.3036194,10035.734999999999,2026-01-28 02:52:11.303619385
1769568733.3741024,10035.734999999999,2026-01-28 02:52:13.374102354
1769568735.459902,9968.394999999999,2026-01-28 02:52:15.459902048
1769568737.5323107,9968.394999999999,2026-01-28 02:52:17.532310724
1769568739.604844,9968.394999999999,2026-01-28 02:52:19.604844093
1769568741.6762698,9968.394999999999,2026-01-28 02:52:21.676269770
1769568743.7518356,9968.394999999999,2026-01-28 02:52:23.751835585
1769568745.8236358,9968.394999999999,2026-01-28 02:52:25.823635817
1769568747.8957944,9968.394999999999,2026-01-28 02:52:27.895794392
1769568749.964994,9968.394999999999,2026-01-28 02:52:29.964993954
1769568752.0352306,9968.394999999999,2026-01-28 02:52:32.035230637
1769568754.1032965,9968.394999999999,2026-01-28 02:52:34.103296518
1769568756.1804788,9968.394999999999,2026-01-28 02:52:36.180478811
1769568758.2524726,9968.394999999999,2026-01-28 02:52:38.252472639
1769568760.3295598,9968.394999999999,2026-01-28 02:52:40.329559803
1769568760.330062,9966.574999999999,2026-01-28 02:52:40.330061913
1769568762.4014444,10033.914999999999,2026-01-28 02:52:42.401444435
1769568764.4702847,10033.914999999999,2026-01-28 02:52:44.470284700
1769568764.4708884,10034.484999999999,2026-01-28 02:52:44.470888376
1769568766.5448484,10034.484999999999,2026-01-28 02:52:46.544848442
1769568768.614954,10034.484999999999,2026-01-28 02:52:48.614953995
1769568768.6154373,10030.404999999999,2026-01-28 02:52:48.615437269
1769568770.6846678,10030.404999999999,2026-01-28 02:52:50.684667826
1769568772.7596586,10030.404999999999,2026-01-28 02:52:52.759658575
1769568774.8289282,10030.404999999999,2026-01-28 02:52:54.828928232
1769568777.0023804,10030.404999999999,2026-01-28 02:52:57.002380371
1769568779.0768719,10030.404999999999,2026-01-28 02:52:59.076871872
1769568779.0775468,10031.015,2026-01-28 02:52:59.077546835
1769568781.168081,10031.014999999998,2026-01-28 02:53:01.168081045
1769568783.2399213,10031.014999999998,2026-01-28 02:53:03.239921331
1769568785.3115933,10031.014999999998,2026-01-28 02:53:05.311593294
1769568787.3821793,10031.014999999998,2026-01-28 02:53:07.382179260
1769568787.3827858,10031.359999999997,2026-01-28 02:53:07.382785797
1769568789.560565,10031.359999999997,2026-01-28 02:53:09.560564995
1769568791.632399,10031.359999999997,2026-01-28 02:53:11.632399082
1769568793.7049325,10031.359999999997,2026-01-28 02:53:13.704932451
1769568795.77779,10031.359999999997,2026-01-28 02:53:15.777790070
1769568795.7784038,10032.059999999998,2026-01-28 02:53:15.778403759
1769568797.8540666,10032.059999999998,2026-01-28 02:53:17.854066610
1769568799.928112,10032.059999999998,2026-01-28 02:53:19.928112030
1769568801.998682,10032.059999999998,2026-01-28 02:53:21.998682022
1769568804.0703409,10032.059999999998,2026-01-28 02:53:24.070340872
1769568804.0710008,10032.919999999998,2026-01-28 02:53:24.071000814
1769568806.1400535,10032.919999999998,2026-01-28 02:53:26.140053511
1769568808.213057,10032.919999999998,2026-01-28 02:53:28.213057041
1769568810.381744,10032.919999999998,2026-01-28 02:53:30.381743908
1769568812.554104,10032.919999999998,2026-01-28 02:53:32.554104090
1769568814.626095,10032.919999999998,2026-01-28 02:53:34.626095057
1769568816.697103,10032.919999999998,2026-01-28 02:53:36.697103024
1769568818.7707736,10032.919999999998,2026-01-28 02:53:38.770773649
1769568820.83912,10032.919999999998,2026-01-28 02:53:40.839119911
1769568822.9120665,10032.919999999998,2026-01-28 02:53:42.912066460
1769568824.9842656,10032.919999999998,2026-01-28 02:53:44.984265566
1769568827.0558538,10032.919999999998,2026-01-28 02:53:47.055853844
1769568829.1329687,10032.919999999998,2026-01-28 02:53:49.132968663
1769568831.2018518,10032.919999999998,2026-01-28 02:53:51.201851845
1769568833.2729201,10032.919999999998,2026-01-28 02:53:53.272920132
1769568835.3438232,10032.919999999998,2026-01-28 02:53:55.343823195
1769568837.41255,10032.919999999998,2026-01-28 02:53:57.412549973
1769568839.4862297,10032.919999999998,2026-01-28 02:53:59.486229658
1769568841.557917,10032.919999999998,2026-01-28 02:54:01.557917118
1769568843.6330247,10032.919999999998,2026-01-28 02:54:03.633024693
1769568843.6337333,10034.259999999998,2026-01-28 02:54:03.633733273
1769568845.706762,10034.259999999998,2026-01-28 02:54:05.706762075
1769568847.7804992,10034.259999999998,2026-01-28 02:54:07.780499220
1769568849.8502219,10034.259999999998,2026-01-28 02:54:09.850221872
1769568851.9283495,10034.259999999998,2026-01-28 02:54:11.928349495
1769568853.9990275,10034.259999999998,2026-01-28 02:54:13.999027491
1769568856.0782976,10034.259999999998,2026-01-28 02:54:16.078297615
1769568858.149922,10034.259999999998,2026-01-28 02:54:18.149921894
1769568860.2202318,10034.259999999998,2026-01-28 02:54:20.220231771
1769568862.2929595,10034.259999999998,2026-01-28 02:54:22.292959452
1769568864.3683963,10034.259999999998,2026-01-28 02:54:24.368396282
1769568866.4392514,10034.259999999998,2026-01-28 02:54:26.439251423
1769568868.5147328,10034.259999999998,2026-01-28 02:54:28.514732838
1769568870.5869226,10034.259999999998,2026-01-28 02:54:30.586922646
1769568872.6593692,10034.259999999998,2026-01-28 02:54:32.659369230
1769568872.6599493,10036.119999999999,2026-01-28 02:54:32.659949303
1769568874.7326083,10036.119999999999,2026-01-28 02:54:34.732608318
1769568876.80415,10036.119999999999,2026-01-28 02:54:36.804150105
1769568878.8779387,10036.119999999999,2026-01-28 02:54:38.877938747
1769568880.9499059,10036.119999999999,2026-01-28 02:54:40.949905872
1769568883.023248,10036.119999999999,2026-01-28 02:54:43.023247957
1769568885.0948644,10036.119999999999,2026-01-28 02:54:45.094864368
1769568887.1660047,10036.119999999999,2026-01-28 02:54:47.166004658
1769568889.2362423,10036.119999999999,2026-01-28 02:54:49.236242294
1769568889.236806,10036.954999999998,2026-01-28 02:54:49.236805916
1769568891.3090568,10036.954999999998,2026-01-28 02:54:51.309056759
1769568893.380275,10036.954999999998,2026-01-28 02:54:53.380275011
1769568895.4545217,10036.954999999998,2026-01-28 02:54:55.454521656
1769568895.4551501,10038.014999999998,2026-01-28 02:54:55.455150127
1769568897.6385815,10038.014999999998,2026-01-28 02:54:57.638581514
1769568899.713404,10038.014999999998,2026-01-28 02:54:59.713403940
1769568901.7852972,10038.014999999998,2026-01-28 02:55:01.785297155
1769568903.864432,10038.014999999998,2026-01-28 02:55:03.864432096
1769568905.9353688,10038.014999999998,2026-01-28 02:55:05.935368776
1769568908.007912,10038.014999999998,2026-01-28 02:55:08.007911921
1769568910.078783,10038.014999999998,2026-01-28 02:55:10.078783035
1769568910.0794506,10031.574999999997,2026-01-28 02:55:10.079450607
1769568912.1534343,10031.574999999999,2026-01-28 02:55:12.153434277
1769568914.2271793,9963.744999999997,2026-01-28 02:55:14.227179289
1769568916.29911,9963.744999999997,2026-01-28 02:55:16.299109936
1769568918.3872287,9963.744999999997,2026-01-28 02:55:18.387228727
1769568918.3878198,9965.074999999997,2026-01-28 02:55:18.387819767
1769568920.4718523,10032.904999999999,2026-01-28 02:55:20.471852303
1769568922.5442638,9834.004999999997,2026-01-28 02:55:22.544263840
1769568924.6299238,9834.004999999997,2026-01-28 02:55:24.629923820
1769568926.7004645,9834.004999999997,2026-01-28 02:55:26.700464487
1769568928.775256,9834.004999999997,2026-01-28 02:55:28.775255919
1769568930.8469615,9834.004999999997,2026-01-28 02:55:30.846961498
1769568932.925955,9834.004999999997,2026-01-28 02:55:32.925955057
1769568932.9265466,9837.904999999997,2026-01-28 02:55:32.926546574
1769568935.0002637,10036.804999999998,2026-01-28 02:55:35.000263691
1769568937.6837628,10036.804999999998,2026-01-28 02:55:37.683762789
1769568939.8795006,10036.804999999998,2026-01-28 02:55:39.879500628
1769568941.9629214,10036.804999999998,2026-01-28 02:55:41.962921381
1769568944.0404058,10036.804999999998,2026-01-28 02:55:44.040405750
1769568946.1140423,10036.804999999998,2026-01-28 02:55:46.114042282
1769568948.1839478,10036.804999999998,2026-01-28 02:55:48.183947802
1769568950.2550344,10036.804999999998,2026-01-28 02:55:50.255034447
1769568952.3259356,10036.804999999998,2026-01-28 02:55:52.325935602
1769568954.4976466,10036.804999999998,2026-01-28 02:55:54.497646570
1769568956.5694106,10036.804999999998,2026-01-28 02:55:56.569410563
1769568958.6422272,10036.804999999998,2026-01-28 02:55:58.642227173
1769568960.715461,10036.804999999998,2026-01-28 02:56:00.715461016
1769568962.7878897,10036.804999999998,2026-01-28 02:56:02.787889719
1769568964.8629088,10036.804999999998,2026-01-28 02:56:04.862908840
1769568966.934443,10036.804999999998,2026-01-28 02:56:06.934442997
1769568969.0051985,10036.804999999998,2026-01-28 02:56:09.005198479
1769568971.081221,9945.154999999997,2026-01-28 02:56:11.081221104
1769568973.1517427,9945.154999999997,2026-01-28 02:56:13.151742697
1769568975.224347,9945.154999999997,2026-01-28 02:56:15.224347115
1769568977.293878,9945.154999999997,2026-01-28 02:56:17.293878078
1769568979.5076282,9945.154999999997,2026-01-28 02:56:19.507628202
1769568981.5805995,9945.154999999997,2026-01-28 02:56:21.580599546
1769568983.6677885,9945.154999999997,2026-01-28 02:56:23.667788506
1769568985.7402873,9945.154999999997,2026-01-28 02:56:25.740287304
1769568985.740787,9947.104999999998,2026-01-28 02:56:25.740787029
1769568987.810134,10038.754999999997,2026-01-28 02:56:27.810133934
1769568989.8848073,10038.754999999997,2026-01-28 02:56:29.884807348
1769568991.9556432,10038.754999999997,2026-01-28 02:56:31.955643177
1769568994.0398622,10038.754999999997,2026-01-28 02:56:34.039862156
1769568996.2164495,9895.994999999999,2026-01-28 02:56:36.216449499
1769568998.287192,9895.994999999999,2026-01-28 02:56:38.287192106
1769569000.357561,9895.994999999999,2026-01-28 02:56:40.357561111
1769569002.4287314,9895.994999999999,2026-01-28 02:56:42.428731441
1769569004.5046313,9895.994999999999,2026-01-28 02:56:44.504631281
1769569006.578616,9895.994999999999,2026-01-28 02:56:46.578615904
1769569008.6501675,9895.994999999999,2026-01-28 02:56:48.650167465
1769569010.7219975,9895.994999999999,2026-01-28 02:56:50.721997499
1769569010.7225502,9899.314999999999,2026-01-28 02:56:50.722550154
1769569012.793236,10042.074999999999,2026-01-28 02:56:52.793236017
1769569014.8823733,10042.074999999999,2026-01-28 02:56:54.882373333
1769569016.962161,10042.074999999999,2026-01-28 02:56:56.962161064
1769569019.0391972,10042.074999999999,2026-01-28 02:56:59.039197206
1769569021.1079414,10042.074999999999,2026-01-28 02:57:01.107941389
1769569023.1858087,10042.074999999999,2026-01-28 02:57:03.185808659
1769569025.2595048,10042.074999999999,2026-01-28 02:57:05.259504795
1769569027.3323135,10042.074999999999,2026-01-28 02:57:07.332313538
1769569029.4034586,10042.074999999999,2026-01-28 02:57:09.403458595
1769569031.4782183,10042.074999999999,2026-01-28 02:57:11.478218317
1769569031.478871,10042.784999999998,2026-01-28 02:57:11.478871107
1769569033.5501726,10042.785,2026-01-28 02:57:13.550172567
1769569035.6260679,10042.785,2026-01-28 02:57:15.626067877
1769569037.7001455,10042.785,2026-01-28 02:57:17.700145483
1769569039.7730799,10042.785,2026-01-28 02:57:19.773079872
1769569039.773538,10044.965,2026-01-28 02:57:19.773538113
1769569041.8506997,10044.965,2026-01-28 02:57:21.850699663
1769569043.9232767,10044.965,2026-01-28 02:57:23.923276663
1769569046.0098772,10044.965,2026-01-28 02:57:26.009877205
1769569046.0105834,10046.45,2026-01-28 02:57:26.010583401
1769569048.0842056,10046.45,2026-01-28 02:57:28.084205627
1769569050.1610637,10046.45,2026-01-28 02:57:30.161063671
1769569050.1619337,10049.37,2026-01-28 02:57:30.161933661
1769569052.2326448,10049.37,2026-01-28 02:57:32.232644796
1769569054.3095818,10049.37,2026-01-28 02:57:34.309581757
1769569054.310185,10051.785000000002,2026-01-28 02:57:34.310184956
1769569056.3903596,10051.785000000002,2026-01-28 02:57:36.390359640
1769569058.4609385,10051.785000000002,2026-01-28 02:57:38.460938454
1769569060.5302486,10051.785000000002,2026-01-28 02:57:40.530248642
1769569062.600373,10051.785000000002,2026-01-28 02:57:42.600373030
1769569062.601341,10053.420000000002,2026-01-28 02:57:42.601341009
1769569064.6751227,10053.420000000002,2026-01-28 02:57:44.675122738
1769569066.7477934,10053.420000000002,2026-01-28 02:57:46.747793436
1769569068.9178662,10053.420000000002,2026-01-28 02:57:48.917866230
1769569070.986974,10053.420000000002,2026-01-28 02:57:50.986974001
1769569073.0584292,10053.420000000002,2026-01-28 02:57:53.058429241
1769569075.1354427,10053.420000000002,2026-01-28 02:57:55.135442734
1769569077.2043467,10053.420000000002,2026-01-28 02:57:57.204346657
1769569079.275583,10053.420000000002,2026-01-28 02:57:59.275583029
1769569081.3464384,10053.420000000002,2026-01-28 02:58:01.346438408
1769569083.4162633,10053.420000000002,2026-01-28 02:58:03.416263342
1769569083.41697,10050.960000000003,2026-01-28 02:58:03.416970015
1769569085.4995396,10050.960000000003,2026-01-28 02:58:05.499539614
1769569087.5692115,9901.030000000002,2026-01-28 02:58:07.569211483
1769569089.7402706,9901.030000000002,2026-01-28 02:58:09.740270615
1769569091.9640868,9901.030000000002,2026-01-28 02:58:11.964086771
1769569094.034536,9901.030000000002,2026-01-28 02:58:14.034535885
1769569096.1065803,9901.030000000002,2026-01-28 02:58:16.106580257
1769569096.1071506,9897.840000000002,2026-01-28 02:58:16.107150555
1769569098.1785357,10047.770000000002,2026-01-28 02:58:18.178535700
1769569100.25375,10047.770000000002,2026-01-28 02:58:20.253750086
1769569102.321396,10047.770000000002,2026-01-28 02:58:22.321396112
1769569104.4160361,10047.770000000002,2026-01-28 02:58:24.416036129
1769569106.5028837,10047.770000000002,2026-01-28 02:58:26.502883673
1769569108.5738232,10047.770000000002,2026-01-28 02:58:28.573823214
1769569110.647432,10047.770000000002,2026-01-28 02:58:30.647432089
1769569112.7212217,10047.770000000002,2026-01-28 02:58:32.721221685
1769569114.7941842,10047.770000000002,2026-01-28 02:58:34.794184208
1769569116.8686779,10047.770000000002,2026-01-28 02:58:36.868677855
1769569116.869744,10052.450000000003,2026-01-28 02:58:36.869744062
1769569118.949051,10052.45,2026-01-28 02:58:38.949050903
1769569121.0207627,10052.45,2026-01-28 02:58:41.020762682
1769569123.259454,10052.45,2026-01-28 02:58:43.259454012
1769569123.2621267,10045.460000000001,2026-01-28 02:58:43.262126684
1769569125.3363774,10045.460000000001,2026-01-28 02:58:45.336377382
1769569127.410953,10045.460000000001,2026-01-28 02:58:47.410953045
1769569129.482423,10045.460000000001,2026-01-28 02:58:49.482423067
1769569131.557493,10045.460000000001,2026-01-28 02:58:51.557492971
1769569134.1063807,10045.460000000001,2026-01-28 02:58:54.106380701
1769569136.1789818,10045.460000000001,2026-01-28 02:58:56.178981781
1769569138.2537315,10045.460000000001,2026-01-28 02:58:58.253731488
1769569140.3264036,9997.230000000001,2026-01-28 02:59:00.326403618
1769569142.4323435,9997.230000000001,2026-01-28 02:59:02.432343483
1769569142.4332178,9998.140000000001,2026-01-28 02:59:02.433217764
1769569144.5055761,10046.37,2026-01-28 02:59:04.505576134
1769569146.5789585,9822.480000000001,2026-01-28 02:59:06.578958511
1769569148.6484792,9822.480000000001,2026-01-28 02:59:08.648479223
1769569150.7259412,9822.480000000001,2026-01-28 02:59:10.725941181
1769569152.798324,9822.480000000001,2026-01-28 02:59:12.798324108
1769569152.7989974,9826.87,2026-01-28 02:59:12.798997402
1769569154.871195,10050.76,2026-01-28 02:59:14.871195078
1769569156.9456563,9908.660000000002,2026-01-28 02:59:16.945656300
1769569159.0196285,9908.660000000002,2026-01-28 02:59:19.019628525
1769569161.0899634,9908.660000000002,2026-01-28 02:59:21.089963436
1769569163.1596205,9908.660000000002,2026-01-28 02:59:23.159620523
1769569163.1600997,9910.110000000002,2026-01-28 02:59:23.160099745
1769569165.2318532,10052.210000000001,2026-01-28 02:59:25.231853247
1769569167.3041127,9888.910000000002,2026-01-28 02:59:27.304112673
1769569169.375474,9888.910000000002,2026-01-28 02:59:29.375473976
1769569171.5454693,9888.910000000002,2026-01-28 02:59:31.545469284
1769569171.5459938,9890.685000000001,2026-01-28 02:59:31.545993805
1769569173.6203458,10053.985,2026-01-28 02:59:33.620345831
1769569175.6979802,9944.045000000002,2026-01-28 02:59:35.697980165
1769569177.7675798,9944.045000000002,2026-01-28 02:59:37.767579794
1769569177.7681823,9945.240000000002,2026-01-28 02:59:37.768182278
1769569179.8493578,10055.180000000002,2026-01-28 02:59:39.849357843
1769569181.9248836,10006.580000000004,2026-01-28 02:59:41.924883604
1769569183.9964597,10006.580000000004,2026-01-28 02:59:43.996459723
1769569183.997017,10007.120000000004,2026-01-28 02:59:43.997016907
1769569186.069297,10055.720000000003,2026-01-28 02:59:46.069297075
1769569188.1439202,9977.460000000005,2026-01-28 02:59:48.143920183
1769569190.2189436,9977.460000000005,2026-01-28 02:59:50.218943596
1769569192.3935304,9977.460000000005,2026-01-28 02:59:52.393530369
1769569194.4680948,9977.460000000005,2026-01-28 02:59:54.468094826
1769569196.6451402,9977.460000000005,2026-01-28 02:59:56.645140171
1769569198.7176056,9977.460000000005,2026-01-28 02:59:58.717605591
1769569200.7890363,9977.460000000005,2026-01-28 03:00:00.789036274
1769569202.8695402,9977.460000000005,2026-01-28 03:00:02.869540215
1769569204.9391427,9977.460000000005,2026-01-28 03:00:04.939142704
1769569207.0135577,9977.460000000005,2026-01-28 03:00:07.013557673
1769569209.0879269,9977.460000000005,2026-01-28 03:00:09.087926865
1769569211.1640887,9977.460000000005,2026-01-28 03:00:11.164088726
1769569213.234198,9977.460000000005,2026-01-28 03:00:13.234198093
1769569213.2347252,9978.370000000004,2026-01-28 03:00:13.234725237
1769569215.3079774,10056.630000000005,2026-01-28 03:00:15.307977438
1769569217.380087,10056.630000000005,2026-01-28 03:00:17.380086899
1769569219.4640863,10056.630000000005,2026-01-28 03:00:19.464086294
1769569221.5358279,10056.630000000005,2026-01-28 03:00:21.535827874
1769569223.6079423,10056.630000000005,2026-01-28 03:00:23.607942343
1769569225.6779895,10056.630000000005,2026-01-28 03:00:25.677989483
1769569227.7486436,10056.630000000005,2026-01-28 03:00:27.748643637
1769569229.8281076,10056.630000000005,2026-01-28 03:00:29.828107595
1769569231.902221,10056.630000000005,2026-01-28 03:00:31.902220964
1769569233.9770122,10056.630000000005,2026-01-28 03:00:33.977012157
1769569236.0503879,10056.630000000005,2026-01-28 03:00:36.050387859
1769569238.1199691,10056.630000000005,2026-01-28 03:00:38.119969130
1769569240.190327,10056.630000000005,2026-01-28 03:00:40.190326929
1769569242.3157818,10056.630000000005,2026-01-28 03:00:42.315781832
1769569244.3902729,10056.630000000005,2026-01-28 03:00:44.390272856
1769569246.4600754,10056.630000000005,2026-01-28 03:00:46.460075378
1769569248.741182,10056.630000000005,2026-01-28 03:00:48.741182089
1769569250.8164778,10056.630000000005,2026-01-28 03:00:50.816477776
1769569252.8911273,10056.630000000005,2026-01-28 03:00:52.891127348
1769569254.964145,10056.630000000005,2026-01-28 03:00:54.964144945
1769569257.0367293,10056.630000000005,2026-01-28 03:00:57.036729336
1769569259.1101933,10056.630000000005,2026-01-28 03:00:59.110193253
1769569261.1832974,10056.630000000005,2026-01-28 03:01:01.183297396
1769569263.2589922,10056.630000000005,2026-01-28 03:01:03.258992194
1769569265.336921,10056.630000000005,2026-01-28 03:01:05.336920977
1769569267.4107172,10056.630000000005,2026-01-28 03:01:07.410717249
1769569269.4817257,10056.630000000005,2026-01-28 03:01:09.481725693
1769569271.5543313,10056.630000000005,2026-01-28 03:01:11.554331303
1769569273.628095,10056.630000000005,2026-01-28 03:01:13.628094912
1769569275.7020721,10056.630000000005,2026-01-28 03:01:15.702072144
1769569277.7790582,10056.630000000005,2026-01-28 03:01:17.779058218
1769569279.8512208,10056.630000000005,2026-01-28 03:01:19.851220846
1769569282.0246692,10056.630000000005,2026-01-28 03:01:22.024669170
1769569284.099396,10056.630000000005,2026-01-28 03:01:24.099395990
1769569286.1729405,10056.630000000005,2026-01-28 03:01:26.172940493
1769569288.3532405,10056.630000000005,2026-01-28 03:01:28.353240490
1769569290.4242325,10056.630000000005,2026-01-28 03:01:30.424232483
1769569292.496467,10056.630000000005,2026-01-28 03:01:32.496467113
1769569294.5702822,10056.630000000005,2026-01-28 03:01:34.570282221
1769569296.6390092,10056.630000000005,2026-01-28 03:01:36.639009237
1769569298.7144675,10056.630000000005,2026-01-28 03:01:38.714467525
1769569300.785216,10056.630000000005,2026-01-28 03:01:40.785216093
1769569302.8590696,10056.630000000005,2026-01-28 03:01:42.859069586
1769569304.939082,10056.630000000005,2026-01-28 03:01:44.939081907
1769569307.0157108,10056.630000000005,2026-01-28 03:01:47.015710831
1769569309.0887501,10056.630000000005,2026-01-28 03:01:49.088750124
1769569311.1587594,10056.630000000005,2026-01-28 03:01:51.158759356
1769569313.2316704,10056.630000000005,2026-01-28 03:01:53.231670380
1769569315.3106809,10056.630000000005,2026-01-28 03:01:55.310680866
1769569317.3837543,10056.630000000005,2026-01-28 03:01:57.383754253
1769569319.454765,10056.630000000005,2026-01-28 03:01:59.454765081
1769569321.525823,10056.630000000005,2026-01-28 03:02:01.525823116
1769569323.5962193,10056.630000000005,2026-01-28 03:02:03.596219301
1769569325.6751888,10056.630000000005,2026-01-28 03:02:05.675188780
1769569327.748208,10056.630000000005,2026-01-28 03:02:07.748208046
1769569329.8226814,10056.630000000005,2026-01-28 03:02:09.822681427
1769569331.8969622,10056.630000000005,2026-01-28 03:02:11.896962166
1769569333.976751,10056.630000000005,2026-01-28 03:02:13.976751089
1769569336.056433,10056.630000000005,2026-01-28 03:02:16.056432962
1769569338.142802,10056.630000000005,2026-01-28 03:02:18.142802000
1769569340.2190852,10056.630000000005,2026-01-28 03:02:20.219085217
1769569342.2935839,10056.630000000005,2026-01-28 03:02:22.293583870
1769569344.366901,10056.630000000005,2026-01-28 03:02:24.366900921
1769569346.4416814,10056.630000000005,2026-01-28 03:02:26.441681385
1769569348.5152214,10056.630000000005,2026-01-28 03:02:28.515221357
1769569350.5898488,10056.630000000005,2026-01-28 03:02:30.589848757
1769569352.6636598,10056.630000000005,2026-01-28 03:02:32.663659811
1769569354.733715,10056.630000000005,2026-01-28 03:02:34.733715057
1769569356.8089712,10056.630000000005,2026-01-28 03:02:36.808971167
1769569358.8829026,10056.630000000005,2026-01-28 03:02:38.882902622
1769569360.958281,10056.630000000005,2026-01-28 03:02:40.958281040
1769569363.0445197,10056.630000000005,2026-01-28 03:02:43.044519663
1769569365.2146215,10056.630000000005,2026-01-28 03:02:45.214621544
1769569367.2884874,10056.630000000005,2026-01-28 03:02:47.288487434
1769569369.3613038,10056.630000000005,2026-01-28 03:02:49.361303806
1769569371.432492,10056.630000000005,2026-01-28 03:02:51.432492018
1769569373.5042279,10056.630000000005,2026-01-28 03:02:53.504227877
1769569375.5927012,10056.630000000005,2026-01-28 03:02:55.592701197
1769569377.7636254,10056.630000000005,2026-01-28 03:02:57.763625383
1769569379.8376324,10056.630000000005,2026-01-28 03:02:59.837632418
1769569381.913826,10056.630000000005,2026-01-28 03:03:01.913825989
1769569383.9918668,10056.630000000005,2026-01-28 03:03:03.991866827
1769569386.1613648,10056.630000000005,2026-01-28 03:03:06.161364794
1769569388.2325933,10056.630000000005,2026-01-28 03:03:08.232593298
1769569390.304553,10056.630000000005,2026-01-28 03:03:10.304553032
1769569392.3790839,10056.630000000005,2026-01-28 03:03:12.379083872
1769569394.4514148,10056.630000000005,2026-01-28 03:03:14.451414824
1769569396.5271606,10056.630000000005,2026-01-28 03:03:16.527160645
1769569398.6011572,10056.630000000005,2026-01-28 03:03:18.601157188
1769569400.6726658,10056.630000000005,2026-01-28 03:03:20.672665834
1769569402.7451422,10056.630000000005,2026-01-28 03:03:22.745142221
1769569404.8174808,10056.630000000005,2026-01-28 03:03:24.817480803
1769569406.8896267,10056.630000000005,2026-01-28 03:03:26.889626741
1769569408.9676416,10056.630000000005,2026-01-28 03:03:28.967641592
1769569411.0511632,10056.630000000005,2026-01-28 03:03:31.051163197
1769569413.1224568,10056.630000000005,2026-01-28 03:03:33.122456789
1769569415.1966925,10056.630000000005,2026-01-28 03:03:35.196692467
1769569417.2729535,10056.630000000005,2026-01-28 03:03:37.272953510
1769569419.3443258,10056.630000000005,2026-01-28 03:03:39.344325781
1769569421.4166431,10056.630000000005,2026-01-28 03:03:41.416643143
1769569423.491321,10056.630000000005,2026-01-28 03:03:43.491321087
1769569425.5628042,10056.630000000005,2026-01-28 03:03:45.562804222
1769569427.637016,10056.630000000005,2026-01-28 03:03:47.637016058
1769569429.7117004,10056.630000000005,2026-01-28 03:03:49.711700439
1769569431.7840872,10056.630000000005,2026-01-28 03:03:51.784087181
1769569433.8587182,10056.630000000005,2026-01-28 03:03:53.858718157
1769569435.9342022,10056.630000000005,2026-01-28 03:03:55.934202194
1769569438.0177023,10056.630000000005,2026-01-28 03:03:58.017702341
1769569440.0903423,10056.630000000005,2026-01-28 03:04:00.090342283
1769569442.1622634,10056.630000000005,2026-01-28 03:04:02.162263393
1769569444.234938,10056.630000000005,2026-01-28 03:04:04.234937906
1769569446.308764,10056.630000000005,2026-01-28 03:04:06.308763981
1769569448.3810105,10056.630000000005,2026-01-28 03:04:08.381010532
1769569450.463709,10056.630000000005,2026-01-28 03:04:10.463709116
1769569452.5348775,10056.630000000005,2026-01-28 03:04:12.534877539
1769569454.6307225,10056.630000000005,2026-01-28 03:04:14.630722523
1769569456.702664,10056.630000000005,2026-01-28 03:04:16.702663898
1769569458.7754319,10056.630000000005,2026-01-28 03:04:18.775431871
1769569460.8513815,10056.630000000005,2026-01-28 03:04:20.851381540
1769569463.0216725,10056.630000000005,2026-01-28 03:04:23.021672487
1769569465.0921068,10056.630000000005,2026-01-28 03:04:25.092106819
1769569467.1644073,10056.630000000005,2026-01-28 03:04:27.164407253
1769569469.235438,10056.630000000005,2026-01-28 03:04:29.235438108
1769569471.3104339,10056.630000000005,2026-01-28 03:04:31.310433865
1769569473.3829815,10056.630000000005,2026-01-28 03:04:33.382981539
